{
  "uhp.ghost.intangibility.enable": {
    "sounds": [
      "ghost/intangibility_enable"
    ],
    "category": "player"
  },
  "uhp.ghost.intangibility.disable": {
    "sounds": [
      "ghost/intangibility_disable"
    ],
    "category": "player"
  },
  "uhp.ghost.invisibility.enable": {
    "sounds": [
      "ghost/invisibility_enable"
    ],
    "category": "player"
  },
  "uhp.ghost.invisibility.disable": {
    "sounds": [
      "ghost/intangibility_disable"
    ],
    "category": "player"
  },
  "uhp.electro.teleport": {
    "sounds": [
      "electro/teleport"
    ],
    "category": "player"
  },
  "uhp.electro.teleport.music": {
    "sounds": [
      "electro/teleport_music"
    ],
    "category": "player"
  },
  "uhp.electro.beam.loop": {
    "sounds": [
      "electro/beam_loop"
    ],
    "category": "player"
  },
  "uhp.electro.beam.music.loop": {
    "sounds": [{
        "name": "electro/beam_music_loop1",
        "stream": true
      }, {
        "name": "electro/beam_music_loop2",
        "stream": true
      }
    ],
    "category": "player"
  },
  "uhp.electro.energyform.enable": {
    "sounds": [
      "electro/energyform_enable"
    ],
    "category": "player"
  },
  "uhp.electro.energyform.loop": {
    "sounds": [
      "electro/energyform_loop"
    ],
    "category": "player"
  },
  "uhp.electro.energyform.music.loop": {
    "sounds": [
      "electro/energyform_music_loop"
    ],
    "category": "player"
  },
  "uhp.electro.energyform.disable": {
    "sounds": [
      "electro/energyform_disable"
    ],
    "category": "player"
  },
  "uhp.electro.energyform.music.disable": {
    "sounds": [
      "electro/energyform_music_disable"
    ],
    "category": "player"
  },
  "uhp.black.bolt.comics.chargeup": {
    "sounds": [
      "black_bolt/black_bolt_chargeup"
    ],
    "category": "player"
  },
  "uhp.black.bolt.comics.shooting": {
    "sounds": [
      "black_bolt/black_bolt_shooting"
    ],
    "category": "player"
  }
}
