{
    "uhp.ghost.intangibility.enable": {
        "sounds": [
            "ghost/intangibility_enable"
        ],
        "category": "player"
    },
    "uhp.ghost.intangibility.disable": {
        "sounds": [
            "ghost/intangibility_disable"
        ],
        "category": "player"
    },
    "uhp.ghost.invisibility.enable": {
        "sounds": [
            "ghost/invisibility_enable"
        ],
        "category": "player"
    },
    "uhp.ghost.invisibility.disable": {
        "sounds": [
            "ghost/intangibility_disable"
        ],
        "category": "player"

    },
    "uhp.electro.teleport": {
        "sounds": [
            "electro/teleport"
        ],
        "category": "player"
    },
    "uhp.electro.teleport.music": {
        "sounds": [
            "electro/teleport_music"
        ],
        "category": "player"
    },
    "uhp.electro.beam.loop": {
        "sounds": [
            "electro/beam_loop"
        ],
        "category": "player"
    },
    "uhp.electro.beam.music.loop": {
        "sounds": [{
                "name": "electro/beam_music_loop1",
                "stream": true
            }, {
                "name": "electro/beam_music_loop2",
                "stream": true
            }
        ],
        "category": "player"
    },
    "uhp.electro.energyform.enable": {
        "sounds": [
            "electro/energyform_enable"
        ],
        "category": "player"
    },
    "uhp.electro.energyform.loop": {
        "sounds": [
            "electro/energyform_loop"
        ],
        "category": "player"
    },
    "uhp.electro.energyform.music.loop": {
        "sounds": [
            "electro/energyform_music_loop"
        ],
        "category": "player"
    },
    "uhp.electro.energyform.disable": {
        "sounds": [
            "electro/energyform_disable"
        ],
        "category": "player"
    },
    "uhp.electro.energyform.music.disable": {
        "sounds": [
            "electro/energyform_music_disable"
        ],
        "category": "player"

    },
    "uhp.soldier.boy.chargeup": {
        "sounds": [
            "soldier_boy/chargeup"
        ],
        "category": "player"
    },
    "uhp.soldier.boy.shooting": {
        "sounds": [
            "soldier_boy/shooting"
        ],
        "category": "player"
    },
    "uhp.soldier.boy.stop": {
        "sounds": [
            "soldier_boy/stop"
        ],
        "category": "player"
    },
    "uhp.black.bolt.comics.chargeup": {
        "sounds": [
            "black_bolt_comics/chargeup"
        ],
        "category": "player"
    },
    "uhp.black.bolt.comics.shooting": {
        "sounds": [
            "black_bolt_comics/shooting"
        ],
        "category": "player"
    },
    "uhp.wanda.throw": {
        "sounds": [
            "wanda/throw"
        ],
        "category": "player"
    },
    "uhp.wanda.aim": {
        "sounds": [
            "wanda/aim"
        ],
        "category": "player"
    },
    "uhp.wanda.shield.block": {
        "sounds": [
            "wanda/shield_block"
        ],
        "category": "player"
    },
    "uhp.wanda.flight": {
        "sounds": [
            "wanda/flight"
        ],
        "category": "player"
    },
    "uhp.wanda.grab": {
        "sounds": [
            "wanda/grab"
        ],
        "category": "player"
    },
    "uhp.wanda.tele": {
        "sounds": [
            "wanda/telekinesis"
        ],
        "category": "player"
    },
    "uhp.web.miles.sv.shoot": {
        "sounds": [
            "spider_man_miles/sv_shoot1"
        ],
        "category": "player"
    },
    "uhp.web.miles.ps5.shoot": {
        "sounds": [
            "spider_man_miles/ps5_shoot1",
            "spider_man_miles/ps5_shoot2",
            "spider_man_miles/ps5_shoot3",
            "spider_man_miles_/ps5_shoot4",
            "spider_man_miles/ps5_shoot5",
            "spider_man_miles/ps5_shoot6",
            "spider_man_miles/ps5_shoot7"
        ],
        "category": "player"
    },
    "uhp.miles.venom.boost": {
        "sounds": [
            "spider_man_miles/venom_boost1",
            "spider_man_miles/venom_boost2",
            "spider_man_miles/venom_boost3",
            "spider_man_miles/venom_boost4"
        ],
        "category": "player"
    },
    "uhp.miles.venom.punch": {
        "sounds": [
            "spider_man_miles/venom_punch1",
            "spider_man_miles/venom_punch2",
            "spider_man_miles/venom_punch3",
            "spider_man_miles/venom_punch4"
        ],
        "category": "player"
    },
    "uhp.miles.venom.charge": {
        "sounds": [
            "spider_man_miles/venom_charge"
        ],
        "category": "player"
    },
    "uhp.dm.a": {
        "sounds": [
            "d_m_a"
        ],
        "category": "player"
    },
    "uhp.dm.d": {
        "sounds": [
            "d_m_d"
        ],
        "category": "player"
    }
}
